﻿SectionID,SectionName,SectionDescr,Rank
1,Public Hearings and Meetings,See Also: Procurement; Agency Rules,1
2,Court Notices,,2
3,Property Disposition,,3
4,Agency Rules,,6
5,Special Materials,,7
6,Procurement,"<span>&quot;Compete To Win&quot; More Contracts! Thanks to a new City initiative - &quot;Compete to Win&quot; - the NYC Department of Small Business Services offers a new set of FREE services to help create more opportunities for minority and women-owned businesses to compete, connect and grow their business with the City. With NYC Construction Loan, Technical Assistance, NYC Construction Mentorship, Bond Readiness, and NYC Teaming services, the City will be able to help even more small businesses than before.</span><ul><li>Win More Contracts at nyc.gov/competetowin</li></ul><span><br/>&quot;The City of New York is committed to achieving excellence in the design and construction of its capital program, and building on the tradition of innovation in architecture and engineering that has contributed to the City&#39;s prestige as a global destination. The contracting opportunities for construction/construction services and construction-related services that appear in the individual agency listings below reflect that commitment to excellence.&quot;</span><br/><p><u>HHS ACCELERATOR</u></p><span>To respond to human services Requests for Proposals (RFPs) released Fall 2013 and later, vendors must first complete and submit an electronic prequalification application using the City’s Health and Human Services (HHS) Accelerator System. The HHS Accelerator System is a web-based system maintained by the City of New York for use by its human services Agencies to manage procurement. To establish this, the City of New York is using the innovative procurement method, as permitted and in accordance with Section 3-12 of the Procurement Policy Board Rules of the City of New York (“PPB Rules”). The new process will remove redundancy by capturing information about boards, filings, policies, and general service experience centrally. As a result, specific proposals for funding will be more focused on program design, scope, and budget.</span><br/> <span>Important information about the new method <span/> <ul><li>Prequalification applications are required every three years</li><li>Documents related to annual corporate filings must be submitted on an annual basis to remain eligible to compete</li><li>Prequalification applications will be reviewed to validate compliance with corporate filings, organizational capacity, and relevant service experience</li><li>Approved organizations will be eligible to compete and would submit electronic proposals through the system.</li></ul><span><br/>RFPs to be managed by HHS Accelerator are listed on the NYC Procurement Roadmap located at http://www.nyc.gov/html/hhsaccelerator/html/roadmap/roadmap.shtml. All current and prospective vendors should frequently review information listed on roadmap to take full advantage of upcoming opportunities for funding.</span><br/><p><strong>Participating NYC Agencies</strong><p>HHS Accelerator, led by the Deputy Mayor for Health and Human Services, is governed by an Executive Steering Committee of Agency Heads who represent the following NYC Client and Community- based Services Agencies:</span><br/><p>Administration for Children’s Services (ACS)</p><p>Department for the Aging (DFTA)</p><p>Department of Corrections (DOC)</p><p>Department of Health and Mental Hygiene (DOHMH)</p><p>Department of Homeless Services (DHS)</p><p>Department of Probation (DOP)</p><p>Department of Small Business Services (SBS)</p><p>Department of Youth and Community Development (DYCD)</p><p>Housing and Preservation Department (HPD)</p><p>Human Resources Administration (HRA)</p><p>Office of the Criminal Justice Coordinator (CJC)</p><br/><span>To sign up for training on the new system, and for additional information about HHS Accelerator, including background materials, user guides and video tutorials, please visit www.nyc.gov/hhsaccelerator</span><br/>",4
7,Agency Public Hearings on Contract Awards,"NOTE: Individuals requesting Sign Language Interpreters should contact the Mayor&apos;s Office of Contract Services, Public Hearings Unit, 253 Broadway, 9th Floor, New York, N.Y. 10007, (212) 788-7490, no later than SEVEN (7) BUSINESS DAYS PRIOR TO THE PUBLIC HEARING. TDD  users should call Verizon relay services.",5
